1,RESPONSE_1,999999
2,RESPONSE_2,999999
3,RESPONSE_3,999999
4,RESPONSE_4,999999
5,RESPONSE_5,999999
6,RESPONSE_6,999999
7,RESPONSE_7,999999
8,RESPONSE_8,999999
9,RESPONSE_9,999999
10,RESPONSE_10,999999
11,RESPONSE_11,999999
12,RESPONSE_12,999999
13,RESPONSE_13,999999
14,RESPONSE_14,999999
15,RESPONSE_15,999999
16,RESPONSE_16,999999
17,RESPONSE_17,999999
18,RESPONSE_18,999999
19,RESPONSE_19,999999
20,RESPONSE_20,999999
21,RESPONSE_21,999999
22,RESPONSE_22,999999
23,RESPONSE_23,999999
24,RESPONSE_24,999999
25,RESPONSE_25,999999
26,RESPONSE_26,999999
27,RESPONSE_27,999999
28,RESPONSE_28,999999
29,RESPONSE_29,999999
30,RESPONSE_30,999999
31,RESPONSE_31,999999
32,RESPONSE_32,999999
33,RESPONSE_33,999999
34,RESPONSE_34,999999
35,RESPONSE_35,999999
36,RESPONSE_36,999999
37,RESPONSE_37,999999
38,RESPONSE_38,999999
39,RESPONSE_39,999999
40,RESPONSE_40,999999
41,RESPONSE_41,999999
42,RESPONSE_42,999999
43,RESPONSE_43,999999
44,RESPONSE_44,999999
45,RESPONSE_45,999999
46,RESPONSE_46,999999
47,RESPONSE_47,999999
48,RESPONSE_48,999999
49,RESPONSE_49,999999
50,RESPONSE_50,999999
51,RESPONSE_51,999999
52,RESPONSE_52,999999
53,RESPONSE_53,999999
54,RESPONSE_54,999999
55,RESPONSE_55,999999
56,RESPONSE_56,999999
57,RESPONSE_57,999999
58,RESPONSE_58,999999
59,RESPONSE_59,999999
60,RESPONSE_60,999999
61,RESPONSE_61,999999
62,RESPONSE_62,999999
63,RESPONSE_63,999999
64,RESPONSE_64,999999
65,RESPONSE_65,999999
66,RESPONSE_66,999999
67,RESPONSE_67,999999
68,RESPONSE_68,999999
69,RESPONSE_69,999999
70,RESPONSE_70,999999
71,RESPONSE_71,999999
72,RESPONSE_72,999999
73,RESPONSE_73,999999
74,RESPONSE_74,999999
75,RESPONSE_75,999999
76,RESPONSE_76,999999
77,RESPONSE_77,999999
78,RESPONSE_78,999999
79,RESPONSE_79,999999
80,RESPONSE_80,999999
81,RESPONSE_81,999999
82,RESPONSE_82,999999
83,RESPONSE_83,999999
84,RESPONSE_84,999999
85,RESPONSE_85,999999
86,RESPONSE_86,999999
87,RESPONSE_87,999999
88,RESPONSE_88,999999
89,RESPONSE_89,999999
90,RESPONSE_90,999999
91,RESPONSE_91,999999
92,RESPONSE_92,999999
93,RESPONSE_93,999999
94,RESPONSE_94,999999
95,RESPONSE_95,999999
96,RESPONSE_96,999999
97,RESPONSE_97,999999
98,RESPONSE_98,999999
99,RESPONSE_99,999999
100,RESPONSE_100,999999
101,RESPONSE_101,999999
102,RESPONSE_102,999999
103,RESPONSE_103,999999
104,RESPONSE_104,999999
105,RESPONSE_105,999999
106,RESPONSE_106,999999
107,RESPONSE_107,999999
108,RESPONSE_108,999999
109,RESPONSE_109,999999
110,RESPONSE_110,999999
111,RESPONSE_111,999999
112,RESPONSE_112,999999
113,RESPONSE_113,999999
114,RESPONSE_114,999999
115,RESPONSE_115,999999
116,RESPONSE_116,999999
117,RESPONSE_117,999999
118,RESPONSE_118,999999
119,RESPONSE_119,999999
120,RESPONSE_120,999999
121,RESPONSE_121,999999
122,RESPONSE_122,999999
123,RESPONSE_123,999999
124,RESPONSE_124,999999
125,RESPONSE_125,999999
126,RESPONSE_126,999999
127,RESPONSE_127,999999
128,RESPONSE_128,999999
129,RESPONSE_129,999999
130,RESPONSE_130,999999
131,RESPONSE_131,999999
132,RESPONSE_132,999999
133,RESPONSE_133,999999
134,RESPONSE_134,999999
135,RESPONSE_135,999999
136,RESPONSE_136,999999
137,RESPONSE_137,999999
138,RESPONSE_138,999999
139,RESPONSE_139,999999
140,RESPONSE_140,999999
141,RESPONSE_141,999999
142,RESPONSE_142,999999
143,RESPONSE_143,999999
144,RESPONSE_144,999999
145,RESPONSE_145,999999
146,RESPONSE_146,999999
147,RESPONSE_147,999999
148,RESPONSE_148,999999
149,RESPONSE_149,999999
150,RESPONSE_150,999999
151,RESPONSE_151,999999
152,RESPONSE_152,999999
153,RESPONSE_153,999999
154,RESPONSE_154,999999
155,RESPONSE_155,999999
156,RESPONSE_156,999999
157,RESPONSE_157,999999
158,RESPONSE_158,999999
159,RESPONSE_159,999999
160,RESPONSE_160,999999
161,RESPONSE_161,999999
162,RESPONSE_162,999999
163,RESPONSE_163,999999
164,RESPONSE_164,999999
165,RESPONSE_165,999999
166,RESPONSE_166,999999
167,RESPONSE_167,999999
168,RESPONSE_168,999999
169,RESPONSE_169,999999
170,RESPONSE_170,999999
171,RESPONSE_171,999999
172,RESPONSE_172,999999
173,RESPONSE_173,999999
174,RESPONSE_174,999999
175,RESPONSE_175,999999
176,RESPONSE_176,999999
177,RESPONSE_177,999999
178,RESPONSE_178,999999
179,RESPONSE_179,999999
180,RESPONSE_180,999999
181,RESPONSE_181,999999
182,RESPONSE_182,999999
183,RESPONSE_183,999999
184,RESPONSE_184,999999
185,RESPONSE_185,999999
186,RESPONSE_186,999999
187,RESPONSE_187,999999
188,RESPONSE_188,999999
189,RESPONSE_189,999999
190,RESPONSE_190,999999
191,RESPONSE_191,999999
192,RESPONSE_192,999999
193,RESPONSE_193,999999
194,RESPONSE_194,999999
195,RESPONSE_195,999999
196,RESPONSE_196,999999
197,RESPONSE_197,999999
198,RESPONSE_198,999999
199,RESPONSE_199,999999
200,RESPONSE_200,999999
201,RESPONSE_201,999999
202,RESPONSE_202,999999
203,RESPONSE_203,999999
204,RESPONSE_204,999999
205,RESPONSE_205,999999
206,RESPONSE_206,999999
207,RESPONSE_207,999999
208,RESPONSE_208,999999
209,RESPONSE_209,999999
210,RESPONSE_210,999999
211,RESPONSE_211,999999
212,RESPONSE_212,999999
213,RESPONSE_213,999999
214,RESPONSE_214,999999
215,RESPONSE_215,999999
216,RESPONSE_216,999999
217,RESPONSE_217,999999
218,RESPONSE_218,999999
219,RESPONSE_219,999999
220,RESPONSE_220,999999
221,RESPONSE_221,999999
222,RESPONSE_222,999999
223,RESPONSE_223,999999
224,RESPONSE_224,999999
225,RESPONSE_225,999999
226,RESPONSE_226,999999
227,RESPONSE_227,999999
228,RESPONSE_228,999999
229,RESPONSE_229,999999
230,RESPONSE_230,999999
231,RESPONSE_231,999999
232,RESPONSE_232,999999
233,RESPONSE_233,999999
234,RESPONSE_234,999999
235,RESPONSE_235,999999
236,RESPONSE_236,999999
237,RESPONSE_237,999999
238,RESPONSE_238,999999
239,RESPONSE_239,999999
240,RESPONSE_240,999999
241,RESPONSE_241,999999
242,RESPONSE_242,999999
243,RESPONSE_243,999999
244,RESPONSE_244,999999
245,RESPONSE_245,999999
246,RESPONSE_246,999999
247,RESPONSE_247,999999
248,RESPONSE_248,999999
249,RESPONSE_249,999999
250,RESPONSE_250,999999
251,RESPONSE_251,999999
252,RESPONSE_252,999999
253,RESPONSE_253,999999
254,RESPONSE_254,999999
255,RESPONSE_255,999999
256,RESPONSE_256,999999
257,RESPONSE_257,999999
258,RESPONSE_258,999999
259,RESPONSE_259,999999
260,RESPONSE_260,999999
261,RESPONSE_261,999999
262,RESPONSE_262,999999
263,RESPONSE_263,999999
264,RESPONSE_264,999999
265,RESPONSE_265,999999
266,RESPONSE_266,999999
267,RESPONSE_267,999999
268,RESPONSE_268,999999
269,RESPONSE_269,999999
270,RESPONSE_270,999999
271,RESPONSE_271,999999
272,RESPONSE_272,999999
273,RESPONSE_273,999999
274,RESPONSE_274,999999
275,RESPONSE_275,999999
276,RESPONSE_276,999999
277,RESPONSE_277,999999
278,RESPONSE_278,999999
279,RESPONSE_279,999999
280,RESPONSE_280,999999
281,RESPONSE_281,999999
282,RESPONSE_282,999999
283,RESPONSE_283,999999
284,RESPONSE_284,999999
285,RESPONSE_285,999999
286,RESPONSE_286,999999
287,RESPONSE_287,999999
288,RESPONSE_288,999999
289,RESPONSE_289,999999
290,RESPONSE_290,999999
291,RESPONSE_291,999999
292,RESPONSE_292,999999
293,RESPONSE_293,999999
294,RESPONSE_294,999999
295,RESPONSE_295,999999
296,RESPONSE_296,999999
297,RESPONSE_297,999999
298,RESPONSE_298,999999
299,RESPONSE_299,999999
300,RESPONSE_300,999999
301,RESPONSE_301,999999
302,RESPONSE_302,999999
303,RESPONSE_303,999999
304,RESPONSE_304,999999
305,RESPONSE_305,999999
306,RESPONSE_306,999999
307,RESPONSE_307,999999
308,RESPONSE_308,999999
309,RESPONSE_309,999999
310,RESPONSE_310,999999
311,RESPONSE_311,999999
312,RESPONSE_312,999999
313,RESPONSE_313,999999
314,RESPONSE_314,999999
315,RESPONSE_315,999999
316,RESPONSE_316,999999
317,RESPONSE_317,999999
318,RESPONSE_318,999999
319,RESPONSE_319,999999
320,RESPONSE_320,999999
321,RESPONSE_321,999999
322,RESPONSE_322,999999
323,RESPONSE_323,999999
324,RESPONSE_324,999999
325,RESPONSE_325,999999
326,RESPONSE_326,999999
327,RESPONSE_327,999999
328,RESPONSE_328,999999
329,RESPONSE_329,999999
330,RESPONSE_330,999999
331,RESPONSE_331,999999
332,RESPONSE_332,999999
333,RESPONSE_333,999999
334,RESPONSE_334,999999
335,RESPONSE_335,999999
336,RESPONSE_336,999999
337,RESPONSE_337,999999
338,RESPONSE_338,999999
339,RESPONSE_339,999999
340,RESPONSE_340,999999
341,RESPONSE_341,999999
342,RESPONSE_342,999999
343,RESPONSE_343,999999
344,RESPONSE_344,999999
345,RESPONSE_345,999999
346,RESPONSE_346,999999
347,RESPONSE_347,999999
348,RESPONSE_348,999999
349,RESPONSE_349,999999
350,RESPONSE_350,999999
351,RESPONSE_351,999999
352,RESPONSE_352,999999
353,RESPONSE_353,999999
354,RESPONSE_354,999999
355,RESPONSE_355,999999
356,RESPONSE_356,999999
357,RESPONSE_357,999999
358,RESPONSE_358,999999
359,RESPONSE_359,999999
360,RESPONSE_360,999999
361,RESPONSE_361,999999
362,RESPONSE_362,999999
363,RESPONSE_363,999999
364,RESPONSE_364,999999
365,RESPONSE_365,999999
366,RESPONSE_366,999999
367,RESPONSE_367,999999
368,RESPONSE_368,999999
369,RESPONSE_369,999999
370,RESPONSE_370,999999
371,RESPONSE_371,999999
372,RESPONSE_372,999999
373,RESPONSE_373,999999
374,RESPONSE_374,999999
375,RESPONSE_375,999999
376,RESPONSE_376,999999
377,RESPONSE_377,999999
378,RESPONSE_378,999999
379,RESPONSE_379,999999
380,RESPONSE_380,999999
381,RESPONSE_381,999999
382,RESPONSE_382,999999
383,RESPONSE_383,999999
384,RESPONSE_384,999999
385,RESPONSE_385,999999
386,RESPONSE_386,999999
387,RESPONSE_387,999999
388,RESPONSE_388,999999
389,RESPONSE_389,999999
390,RESPONSE_390,999999
391,RESPONSE_391,999999
392,RESPONSE_392,999999
393,RESPONSE_393,999999
394,RESPONSE_394,999999
395,RESPONSE_395,999999
396,RESPONSE_396,999999
397,RESPONSE_397,999999
398,RESPONSE_398,999999
399,RESPONSE_399,999999
400,RESPONSE_400,999999
401,RESPONSE_401,999999
402,RESPONSE_402,999999
403,RESPONSE_403,999999
404,RESPONSE_404,999999
405,RESPONSE_405,999999
406,RESPONSE_406,999999
407,RESPONSE_407,999999
408,RESPONSE_408,999999
409,RESPONSE_409,999999
410,RESPONSE_410,999999
411,RESPONSE_411,999999
412,RESPONSE_412,999999
413,RESPONSE_413,999999
414,RESPONSE_414,999999
415,RESPONSE_415,999999
416,RESPONSE_416,999999
417,RESPONSE_417,999999
418,RESPONSE_418,999999
419,RESPONSE_419,999999
420,RESPONSE_420,999999
421,RESPONSE_421,999999
422,RESPONSE_422,999999
423,RESPONSE_423,999999
424,RESPONSE_424,999999
425,RESPONSE_425,999999
426,RESPONSE_426,999999
427,RESPONSE_427,999999
428,RESPONSE_428,999999
429,RESPONSE_429,999999
430,RESPONSE_430,999999
431,RESPONSE_431,999999
432,RESPONSE_432,999999
433,RESPONSE_433,999999
434,RESPONSE_434,999999
435,RESPONSE_435,999999
436,RESPONSE_436,999999
437,RESPONSE_437,999999
438,RESPONSE_438,999999
439,RESPONSE_439,999999
440,RESPONSE_440,999999
441,RESPONSE_441,999999
442,RESPONSE_442,999999
443,RESPONSE_443,999999
444,RESPONSE_444,999999
445,RESPONSE_445,999999
446,RESPONSE_446,999999
447,RESPONSE_447,999999
448,RESPONSE_448,999999
449,RESPONSE_449,999999
450,RESPONSE_450,999999
451,RESPONSE_451,999999
452,RESPONSE_452,999999
453,RESPONSE_453,999999
454,RESPONSE_454,999999
455,RESPONSE_455,999999
456,RESPONSE_456,999999
457,RESPONSE_457,999999
458,RESPONSE_458,999999
459,RESPONSE_459,999999
460,RESPONSE_460,999999
461,RESPONSE_461,999999
462,RESPONSE_462,999999
463,RESPONSE_463,999999
464,RESPONSE_464,999999
465,RESPONSE_465,999999
466,RESPONSE_466,999999
467,RESPONSE_467,999999
468,RESPONSE_468,999999
469,RESPONSE_469,999999
470,RESPONSE_470,999999
471,RESPONSE_471,999999
472,RESPONSE_472,999999
473,RESPONSE_473,999999
474,RESPONSE_474,999999
475,RESPONSE_475,999999
476,RESPONSE_476,999999
477,RESPONSE_477,999999
478,RESPONSE_478,999999
479,RESPONSE_479,999999
480,RESPONSE_480,999999
481,RESPONSE_481,999999
482,RESPONSE_482,999999
483,RESPONSE_483,999999
484,RESPONSE_484,999999
485,RESPONSE_485,999999
486,RESPONSE_486,999999
487,RESPONSE_487,999999
488,RESPONSE_488,999999
489,RESPONSE_489,999999
490,RESPONSE_490,999999
491,RESPONSE_491,999999
492,RESPONSE_492,999999
493,RESPONSE_493,999999
494,RESPONSE_494,999999
495,RESPONSE_495,999999
496,RESPONSE_496,999999
497,RESPONSE_497,999999
498,RESPONSE_498,999999
499,RESPONSE_499,999999
500,RESPONSE_500,999999
501,RESPONSE_501,999999
502,RESPONSE_502,999999
503,RESPONSE_503,999999
504,RESPONSE_504,999999
505,RESPONSE_505,999999
506,RESPONSE_506,999999
507,RESPONSE_507,999999
508,RESPONSE_508,999999
509,RESPONSE_509,999999
510,RESPONSE_510,999999
511,RESPONSE_511,999999
512,RESPONSE_512,999999
513,RESPONSE_513,999999
514,RESPONSE_514,999999
515,RESPONSE_515,999999
516,RESPONSE_516,999999
517,RESPONSE_517,999999
518,RESPONSE_518,999999
519,RESPONSE_519,999999
520,RESPONSE_520,999999
521,RESPONSE_521,999999
522,RESPONSE_522,999999
523,RESPONSE_523,999999
524,RESPONSE_524,999999
525,RESPONSE_525,999999
526,RESPONSE_526,999999
527,RESPONSE_527,999999
528,RESPONSE_528,999999
529,RESPONSE_529,999999
530,RESPONSE_530,999999
531,RESPONSE_531,999999
532,RESPONSE_532,999999
533,RESPONSE_533,999999
534,RESPONSE_534,999999
535,RESPONSE_535,999999
536,RESPONSE_536,999999
537,RESPONSE_537,999999
538,RESPONSE_538,999999
539,RESPONSE_539,999999
540,RESPONSE_540,999999
541,RESPONSE_541,999999
542,RESPONSE_542,999999
543,RESPONSE_543,999999
544,RESPONSE_544,999999
545,RESPONSE_545,999999
546,RESPONSE_546,999999
547,RESPONSE_547,999999
548,RESPONSE_548,999999
549,RESPONSE_549,999999
550,RESPONSE_550,999999
551,RESPONSE_551,999999
552,RESPONSE_552,999999
553,RESPONSE_553,999999
554,RESPONSE_554,999999
555,RESPONSE_555,999999
556,RESPONSE_556,999999
557,RESPONSE_557,999999
558,RESPONSE_558,999999
559,RESPONSE_559,999999
560,RESPONSE_560,999999
561,RESPONSE_561,999999
562,RESPONSE_562,999999
563,RESPONSE_563,999999
564,RESPONSE_564,999999
565,RESPONSE_565,999999
566,RESPONSE_566,999999
567,RESPONSE_567,999999
568,RESPONSE_568,999999
569,RESPONSE_569,999999
570,RESPONSE_570,999999
571,RESPONSE_571,999999
572,RESPONSE_572,999999
573,RESPONSE_573,999999
574,RESPONSE_574,999999
575,RESPONSE_575,999999
576,RESPONSE_576,999999
577,RESPONSE_577,999999
578,RESPONSE_578,999999
579,RESPONSE_579,999999
580,RESPONSE_580,999999
581,RESPONSE_581,999999
582,RESPONSE_582,999999
583,RESPONSE_583,999999
584,RESPONSE_584,999999
585,RESPONSE_585,999999
586,RESPONSE_586,999999
587,RESPONSE_587,999999
588,RESPONSE_588,999999
589,RESPONSE_589,999999
590,RESPONSE_590,999999
591,RESPONSE_591,999999
592,RESPONSE_592,999999
593,RESPONSE_593,999999
594,RESPONSE_594,999999
595,RESPONSE_595,999999
596,RESPONSE_596,999999
597,RESPONSE_597,999999
598,RESPONSE_598,999999
599,RESPONSE_599,999999
600,RESPONSE_600,999999
601,RESPONSE_601,999999
602,RESPONSE_602,999999
603,RESPONSE_603,999999
604,RESPONSE_604,999999
605,RESPONSE_605,999999
606,RESPONSE_606,999999
607,RESPONSE_607,999999
608,RESPONSE_608,999999
609,RESPONSE_609,999999
610,RESPONSE_610,999999
611,RESPONSE_611,999999
612,RESPONSE_612,999999
613,RESPONSE_613,999999
614,RESPONSE_614,999999
615,RESPONSE_615,999999
616,RESPONSE_616,999999
617,RESPONSE_617,999999
618,RESPONSE_618,999999
619,RESPONSE_619,999999
620,RESPONSE_620,999999
621,RESPONSE_621,999999
622,RESPONSE_622,999999
623,RESPONSE_623,999999
624,RESPONSE_624,999999
625,RESPONSE_625,999999
626,RESPONSE_626,999999
627,RESPONSE_627,999999
628,RESPONSE_628,999999
629,RESPONSE_629,999999
630,RESPONSE_630,999999
631,RESPONSE_631,999999
632,RESPONSE_632,999999
633,RESPONSE_633,999999
634,RESPONSE_634,999999
635,RESPONSE_635,999999
636,RESPONSE_636,999999
637,RESPONSE_637,999999
638,RESPONSE_638,999999
639,RESPONSE_639,999999
640,RESPONSE_640,999999
641,RESPONSE_641,999999
642,RESPONSE_642,999999
643,RESPONSE_643,999999
644,RESPONSE_644,999999
645,RESPONSE_645,999999
646,RESPONSE_646,999999
647,RESPONSE_647,999999
648,RESPONSE_648,999999
649,RESPONSE_649,999999
650,RESPONSE_650,999999
651,RESPONSE_651,999999
652,RESPONSE_652,999999
653,RESPONSE_653,999999
654,RESPONSE_654,999999
655,RESPONSE_655,999999
656,RESPONSE_656,999999
657,RESPONSE_657,999999
658,RESPONSE_658,999999
659,RESPONSE_659,999999
660,RESPONSE_660,999999
661,RESPONSE_661,999999
662,RESPONSE_662,999999
663,RESPONSE_663,999999
664,RESPONSE_664,999999
665,RESPONSE_665,999999
666,RESPONSE_666,999999
667,RESPONSE_667,999999
668,RESPONSE_668,999999
669,RESPONSE_669,999999
670,RESPONSE_670,999999
671,RESPONSE_671,999999
672,RESPONSE_672,999999
673,RESPONSE_673,999999
674,RESPONSE_674,999999
675,RESPONSE_675,999999
676,RESPONSE_676,999999
677,RESPONSE_677,999999
678,RESPONSE_678,999999
679,RESPONSE_679,999999
680,RESPONSE_680,999999
681,RESPONSE_681,999999
682,RESPONSE_682,999999
683,RESPONSE_683,999999
684,RESPONSE_684,999999
685,RESPONSE_685,999999
686,RESPONSE_686,999999
687,RESPONSE_687,999999
688,RESPONSE_688,999999
689,RESPONSE_689,999999
690,RESPONSE_690,999999
691,RESPONSE_691,999999
692,RESPONSE_692,999999
693,RESPONSE_693,999999
694,RESPONSE_694,999999
695,RESPONSE_695,999999
696,RESPONSE_696,999999
697,RESPONSE_697,999999
698,RESPONSE_698,999999
699,RESPONSE_699,999999
700,RESPONSE_700,999999
701,RESPONSE_701,999999
702,RESPONSE_702,999999
703,RESPONSE_703,999999
704,RESPONSE_704,999999
705,RESPONSE_705,999999
706,RESPONSE_706,999999
707,RESPONSE_707,999999
708,RESPONSE_708,999999
709,RESPONSE_709,999999
710,RESPONSE_710,999999
711,RESPONSE_711,999999
712,RESPONSE_712,999999
713,RESPONSE_713,999999
714,RESPONSE_714,999999
715,RESPONSE_715,999999
716,RESPONSE_716,999999
717,RESPONSE_717,999999
718,RESPONSE_718,999999
719,RESPONSE_719,999999
720,RESPONSE_720,999999
721,RESPONSE_721,999999
722,RESPONSE_722,999999
723,RESPONSE_723,999999
724,RESPONSE_724,999999
725,RESPONSE_725,999999
726,RESPONSE_726,999999
727,RESPONSE_727,999999
728,RESPONSE_728,999999
729,RESPONSE_729,999999
730,RESPONSE_730,999999
731,RESPONSE_731,999999
732,RESPONSE_732,999999
733,RESPONSE_733,999999
734,RESPONSE_734,999999
735,RESPONSE_735,999999
736,RESPONSE_736,999999
737,RESPONSE_737,999999
738,RESPONSE_738,999999
739,RESPONSE_739,999999
740,RESPONSE_740,999999
741,RESPONSE_741,999999
742,RESPONSE_742,999999
743,RESPONSE_743,999999
744,RESPONSE_744,999999
745,RESPONSE_745,999999
746,RESPONSE_746,999999
747,RESPONSE_747,999999
748,RESPONSE_748,999999
749,RESPONSE_749,999999
750,RESPONSE_750,999999
751,RESPONSE_751,999999
752,RESPONSE_752,999999
753,RESPONSE_753,999999
754,RESPONSE_754,999999
755,RESPONSE_755,999999
756,RESPONSE_756,999999
757,RESPONSE_757,999999
758,RESPONSE_758,999999
759,RESPONSE_759,999999
760,RESPONSE_760,999999
761,RESPONSE_761,999999
762,RESPONSE_762,999999
763,RESPONSE_763,999999
764,RESPONSE_764,999999
765,RESPONSE_765,999999
766,RESPONSE_766,999999
767,RESPONSE_767,999999
768,RESPONSE_768,999999
769,RESPONSE_769,999999
770,RESPONSE_770,999999
771,RESPONSE_771,999999
772,RESPONSE_772,999999
773,RESPONSE_773,999999
774,RESPONSE_774,999999
775,RESPONSE_775,999999
776,RESPONSE_776,999999
777,RESPONSE_777,999999
778,RESPONSE_778,999999
779,RESPONSE_779,999999
780,RESPONSE_780,999999
781,RESPONSE_781,999999
782,RESPONSE_782,999999
783,RESPONSE_783,999999
784,RESPONSE_784,999999
785,RESPONSE_785,999999
786,RESPONSE_786,999999
787,RESPONSE_787,999999
788,RESPONSE_788,999999
789,RESPONSE_789,999999
790,RESPONSE_790,999999
791,RESPONSE_791,999999
792,RESPONSE_792,999999
793,RESPONSE_793,999999
794,RESPONSE_794,999999
795,RESPONSE_795,999999
796,RESPONSE_796,999999
797,RESPONSE_797,999999
798,RESPONSE_798,999999
799,RESPONSE_799,999999
800,RESPONSE_800,999999
801,RESPONSE_801,999999
802,RESPONSE_802,999999
803,RESPONSE_803,999999
804,RESPONSE_804,999999
805,RESPONSE_805,999999
806,RESPONSE_806,999999
807,RESPONSE_807,999999
808,RESPONSE_808,999999
809,RESPONSE_809,999999
810,RESPONSE_810,999999
811,RESPONSE_811,999999
812,RESPONSE_812,999999
813,RESPONSE_813,999999
814,RESPONSE_814,999999
815,RESPONSE_815,999999
816,RESPONSE_816,999999
817,RESPONSE_817,999999
818,RESPONSE_818,999999
819,RESPONSE_819,999999
820,RESPONSE_820,999999
821,RESPONSE_821,999999
822,RESPONSE_822,999999
823,RESPONSE_823,999999
824,RESPONSE_824,999999
825,RESPONSE_825,999999
826,RESPONSE_826,999999
827,RESPONSE_827,999999
828,RESPONSE_828,999999
829,RESPONSE_829,999999
830,RESPONSE_830,999999
831,RESPONSE_831,999999
832,RESPONSE_832,999999
833,RESPONSE_833,999999
834,RESPONSE_834,999999
835,RESPONSE_835,999999
836,RESPONSE_836,999999
837,RESPONSE_837,999999
838,RESPONSE_838,999999
839,RESPONSE_839,999999
840,RESPONSE_840,999999
841,RESPONSE_841,999999
842,RESPONSE_842,999999
843,RESPONSE_843,999999
844,RESPONSE_844,999999
845,RESPONSE_845,999999
846,RESPONSE_846,999999
847,RESPONSE_847,999999
848,RESPONSE_848,999999
849,RESPONSE_849,999999
850,RESPONSE_850,999999
851,RESPONSE_851,999999
852,RESPONSE_852,999999
853,RESPONSE_853,999999
854,RESPONSE_854,999999
855,RESPONSE_855,999999
856,RESPONSE_856,999999
857,RESPONSE_857,999999
858,RESPONSE_858,999999
859,RESPONSE_859,999999
860,RESPONSE_860,999999
861,RESPONSE_861,999999
862,RESPONSE_862,999999
863,RESPONSE_863,999999
864,RESPONSE_864,999999
865,RESPONSE_865,999999
866,RESPONSE_866,999999
867,RESPONSE_867,999999
868,RESPONSE_868,999999
869,RESPONSE_869,999999
870,RESPONSE_870,999999
871,RESPONSE_871,999999
872,RESPONSE_872,999999
873,RESPONSE_873,999999
874,RESPONSE_874,999999
875,RESPONSE_875,999999
876,RESPONSE_876,999999
877,RESPONSE_877,999999
878,RESPONSE_878,999999
879,RESPONSE_879,999999
880,RESPONSE_880,999999
881,RESPONSE_881,999999
882,RESPONSE_882,999999
883,RESPONSE_883,999999
884,RESPONSE_884,999999
885,RESPONSE_885,999999
886,RESPONSE_886,999999
887,RESPONSE_887,999999
888,RESPONSE_888,999999
889,RESPONSE_889,999999
890,RESPONSE_890,999999
891,RESPONSE_891,999999
892,RESPONSE_892,999999
893,RESPONSE_893,999999
894,RESPONSE_894,999999
895,RESPONSE_895,999999
896,RESPONSE_896,999999
897,RESPONSE_897,999999
898,RESPONSE_898,999999
899,RESPONSE_899,999999
900,RESPONSE_900,999999
901,RESPONSE_901,999999
902,RESPONSE_902,999999
903,RESPONSE_903,999999
904,RESPONSE_904,999999
905,RESPONSE_905,999999
906,RESPONSE_906,999999
907,RESPONSE_907,999999
908,RESPONSE_908,999999
909,RESPONSE_909,999999
910,RESPONSE_910,999999
911,RESPONSE_911,999999
912,RESPONSE_912,999999
913,RESPONSE_913,999999
914,RESPONSE_914,999999
915,RESPONSE_915,999999
916,RESPONSE_916,999999
917,RESPONSE_917,999999
918,RESPONSE_918,999999
919,RESPONSE_919,999999
920,RESPONSE_920,999999
921,RESPONSE_921,999999
922,RESPONSE_922,999999
923,RESPONSE_923,999999
924,RESPONSE_924,999999
925,RESPONSE_925,999999
926,RESPONSE_926,999999
927,RESPONSE_927,999999
928,RESPONSE_928,999999
929,RESPONSE_929,999999
930,RESPONSE_930,999999
931,RESPONSE_931,999999
932,RESPONSE_932,999999
933,RESPONSE_933,999999
934,RESPONSE_934,999999
935,RESPONSE_935,999999
936,RESPONSE_936,999999
937,RESPONSE_937,999999
938,RESPONSE_938,999999
939,RESPONSE_939,999999
940,RESPONSE_940,999999
941,RESPONSE_941,999999
942,RESPONSE_942,999999
943,RESPONSE_943,999999
944,RESPONSE_944,999999
945,RESPONSE_945,999999
946,RESPONSE_946,999999
947,RESPONSE_947,999999
948,RESPONSE_948,999999
949,RESPONSE_949,999999
950,RESPONSE_950,999999
951,RESPONSE_951,999999
952,RESPONSE_952,999999
953,RESPONSE_953,999999
954,RESPONSE_954,999999
955,RESPONSE_955,999999
956,RESPONSE_956,999999
957,RESPONSE_957,999999
958,RESPONSE_958,999999
959,RESPONSE_959,999999
960,RESPONSE_960,999999
961,RESPONSE_961,999999
962,RESPONSE_962,999999
963,RESPONSE_963,999999
964,RESPONSE_964,999999
965,RESPONSE_965,999999
966,RESPONSE_966,999999
967,RESPONSE_967,999999
968,RESPONSE_968,999999
969,RESPONSE_969,999999
970,RESPONSE_970,999999
971,RESPONSE_971,999999
972,RESPONSE_972,999999
973,RESPONSE_973,999999
974,RESPONSE_974,999999
975,RESPONSE_975,999999
976,RESPONSE_976,999999
977,RESPONSE_977,999999
978,RESPONSE_978,999999
979,RESPONSE_979,999999
980,RESPONSE_980,999999
981,RESPONSE_981,999999
982,RESPONSE_982,999999
983,RESPONSE_983,999999
984,RESPONSE_984,999999
985,RESPONSE_985,999999
986,RESPONSE_986,999999
987,RESPONSE_987,999999
988,RESPONSE_988,999999
989,RESPONSE_989,999999
990,RESPONSE_990,999999
991,RESPONSE_991,999999
992,RESPONSE_992,999999
993,RESPONSE_993,999999
994,RESPONSE_994,999999
995,RESPONSE_995,999999
996,RESPONSE_996,999999
997,RESPONSE_997,999999
998,RESPONSE_998,999999
999,RESPONSE_999,999999
1000,RESPONSE_1000,999999
